{"0": 1.0, "1": 0.9399527884331661, "2": 0.7874741811743877, "3": 0.8922248450870464, "4": 0.6650191796990262, "5": 0.33652994983771023, "6": 0.29499852463853643, "7": 0.2674830333431691, "8": 0.2595160814399528, "9": 0.25693419887872526, "10": 0.1754204780171142, "11": 0.16892888757745647, "12": 0.16546178813809384, "13": 0.16494541162584833, "14": 0.16428149896724697, "15": 0.1633225140159339, "16": 0.16243729713779875, "17": 0.16206845677190912, "18": 0.16214222484508706, "19": 0.16059309530835056, "20": 0.16044555916199468, "21": 0.15926526999114782, "22": 0.1411920920625553, "23": 0.1411183239893774, "24": 0.14030687518442017, "25": 0.14001180289170848, "26": 0.13971673059899675, "27": 0.13757745647683683, "28": 0.1367660076718796, "29": 0.13174977869578047, "30": 0.13219238713484804, "31": 0.13115963411035703, "32": 0.13101209796400118, "33": 0.1305694895249336, "34": 0.1305694895249336, "35": 0.1299793449395102, "36": 0.13027441723222188, "37": 0.13020064915904397, "38": 0.12946296842726468, "39": 0.12702862201239304, "40": 0.12466804367069932, "41": 0.12481557981705518, "42": 0.12488934789023311, "43": 0.12437297137798761, "44": 0.12444673945116554, "45": 0.12415166715845383, "46": 0.12393036293892004, "47": 0.12334021835349661, "48": 0.12370905871938626, "49": 0.12326645028031868, "50": 0.12363529064620832, "51": 0.12319268220714075, "52": 0.0990705222779581, "53": 0.09877544998524639, "54": 0.09501327825317203, "55": 0.09479197403363825, "56": 0.09457066981410446, "57": 0.09302154027736796, "58": 0.09198878725287696, "59": 0.09154617881380939, "60": 0.09198878725287696, "61": 0.09161994688698731, "62": 0.09102980230156388, "63": 0.08225140159339038, "64": 0.08018589554440839, "65": 0.07627618766597817, "66": 0.07435821776335202, "67": 0.07185010327530245, "68": 0.07155503098259074, "69": 0.07148126290941281, "70": 0.07103865447034523, "71": 0.07111242254352317, "72": 0.07103865447034523, "73": 0.07089111832398938, "74": 0.07103865447034523, "75": 0.07103865447034523, "76": 0.07081735025081144, "77": 0.06484213632339923, "78": 0.0634405429330186, "79": 0.06329300678666273, "80": 0.06336677485984066, "81": 0.06336677485984066, "82": 0.06329300678666273, "83": 0.06336677485984066, "84": 0.06336677485984066, "85": 0.06329300678666273, "86": 0.06336677485984066, "87": 0.06336677485984066, "88": 0.06321923871348481, "89": 0.06321923871348481, "90": 0.06314547064030687, "91": 0.06314547064030687, "92": 0.06307170256712895, "93": 0.06299793449395102, "94": 0.06292416642077309, "95": 0.06292416642077309, "96": 0.06292416642077309, "97": 0.06292416642077309, "98": 0.06292416642077309, "99": 0.06292416642077309, "100": 0.06329300678666273, "101": 0.06292416642077309, "102": 0.058350545883741514, "103": 0.058055473591029805, "104": 0.058055473591029805, "105": 0.058055473591029805, "106": 0.058055473591029805, "107": 0.058055473591029805, "108": 0.058055473591029805, "109": 0.058055473591029805, "110": 0.057981705517851874, "111": 0.057981705517851874, "112": 0.057981705517851874, "113": 0.057981705517851874, "114": 0.057981705517851874, "115": 0.057981705517851874, "116": 0.057981705517851874, "117": 0.057981705517851874, "118": 0.057981705517851874, "119": 0.05783416937149602, "120": 0.05783416937149602, "121": 0.05783416937149602, "122": 0.05783416937149602, "123": 0.05783416937149602, "124": 0.05783416937149602, "125": 0.05783416937149602, "126": 0.04492475656535851, "127": 0.02581882561227501, "128": 0.020728828562997934, "129": 0.020728828562997934, "130": 0.020728828562997934, "131": 0.020728828562997934, "132": 0.020728828562997934, "133": 0.020728828562997934, "134": 0.020728828562997934, "135": 0.020728828562997934, "136": 0.020728828562997934, "137": 0.020728828562997934, "138": 0.020728828562997934, "139": 0.020728828562997934, "140": 0.020728828562997934, "141": 0.020728828562997934, "142": 0.020728828562997934, "143": 0.020728828562997934, "144": 0.020728828562997934, "145": 0.015933903806432576, "146": 0.015933903806432576, "147": 0.015933903806432576, "148": 0.015933903806432576, "149": 0.015933903806432576, "150": 0.015933903806432576, "151": 0.015933903806432576, "152": 0.015933903806432576, "153": 0.015933903806432576, "154": 0.015933903806432576, "155": 0.015933903806432576, "156": 0.015933903806432576, "157": 0.015933903806432576, "158": 0.015933903806432576, "159": 0.013942165830628505, "160": 0.013942165830628505, "161": 0.013942165830628505, "162": 0.013942165830628505, "163": 0.013942165830628505, "164": 0.013942165830628505, "165": 0.013942165830628505, "166": 0.013942165830628505, "167": 0.013942165830628505, "168": 0.013942165830628505, "169": 0.013942165830628505, "170": 0.013942165830628505, "171": 0.013942165830628505, "172": 0.013942165830628505, "173": 0.013942165830628505, "174": 0.013942165830628505, "175": 0.013942165830628505, "176": 0.013942165830628505, "177": 0.013942165830628505, "178": 0.013942165830628505, "179": 0.013942165830628505, "180": 0.013942165830628505, "181": 0.013942165830628505, "182": 0.013942165830628505, "183": 0.013942165830628505, "184": 0.013942165830628505, "185": 0.013942165830628505, "186": 0.013942165830628505, "187": 0.013942165830628505, "188": 0.013942165830628505, "189": 0.013942165830628505, "190": 0.013942165830628505, "191": 0.012319268220714075, "192": 0.012319268220714075, "193": 0.012319268220714075, "194": 0.012319268220714075, "195": 0.012319268220714075, "196": 0.012319268220714075, "197": 0.012319268220714075, "198": 0.012319268220714075, "199": 0.012319268220714075, "200": 0.012319268220714075, "201": 0.012319268220714075, "202": 0.003762171732074358, "203": 0.003762171732074358, "204": 0.003762171732074358, "205": 0.003762171732074358, "206": 0.003762171732074358, "207": 0.003762171732074358, "208": 0.003762171732074358, "209": 0.003762171732074358, "210": 0.003762171732074358, "211": 0.003762171732074358, "212": 0.003762171732074358, "213": 0.003762171732074358, "214": 0.003762171732074358, "215": 0.003762171732074358, "216": 0.003762171732074358, "217": 0.003762171732074358, "218": 0.003762171732074358, "219": 0.003762171732074358, "220": 0.003762171732074358, "221": 0.003762171732074358, "222": 0.003762171732074358, "223": 0.003762171732074358, "224": 0.003762171732074358, "225": 0.003762171732074358, "226": 0.003762171732074358, "227": 0.003762171732074358, "228": 0.003762171732074358, "229": 0.003762171732074358, "230": 0.003762171732074358, "231": 0.003762171732074358, "232": 0.003762171732074358, "233": 0.003762171732074358, "234": 0.003762171732074358, "235": 0.003762171732074358, "236": 0.003762171732074358, "237": 0.003762171732074358, "238": 0.003762171732074358, "239": 0.003762171732074358, "240": 0.003762171732074358, "241": 0.003762171732074358, "242": 0.003762171732074358, "243": 0.003762171732074358, "244": 0.003762171732074358, "245": 0.003762171732074358, "246": 0.003762171732074358, "247": 0.003762171732074358, "248": 0.003762171732074358, "249": 0.003762171732074358, "250": 0.003762171732074358, "251": 0.003762171732074358, "252": 0.0024343464148716435, "253": 0.0024343464148716435, "254": 0.0024343464148716435, "255": 0.0024343464148716435, "256": 0.0005163765122455002, "257": 0.0005163765122455002, "258": 0.0005163765122455002, "259": 0.0005163765122455002, "260": 0.0005163765122455002, "261": 0.0005163765122455002, "262": 0.00022130421953378578, "263": 0.00022130421953378578, "264": 0.00022130421953378578, "265": 0.00022130421953378578, "266": 0.00022130421953378578, "267": 0.00022130421953378578, "268": 0.00022130421953378578, "269": 0.00022130421953378578, "270": 0.00022130421953378578, "271": 0.00022130421953378578, "272": 0.00022130421953378578, "273": 0.00022130421953378578, "274": 0.00022130421953378578, "275": 0.00022130421953378578, "276": 0.00022130421953378578, "277": 0.00022130421953378578, "278": 0.00022130421953378578, "279": 0.00022130421953378578, "280": 0.00022130421953378578, "281": 0.00022130421953378578,